interestmake,clean_interestmake
chery,chery
renault,renault
kia,kia
volkswagen,volkswagen
hyundai,hyundai
toyota,toyota
used cars,used cars
nissan,nissan
mercedes-benz,mercedes-benz
honda,honda
suzuki,suzuki
mitsubishi,mitsubishi
ford,ford
mazda,mazda
no interest make selected,no interest make selected
audi,audi
renault new cars,renault
mg,mg
land rover,land rover
citroen,citroen
haval,haval
kia new cars,kia
mercedes benz,mercedes-benz
jaecoo,jaecoo
volkswagen (vw),volkswagen
omoda,omoda
gwm,gwm
chevrolet,chevrolet
mazda new cars,mazda
hyundai new cars,hyundai
undefined,undefined
isuzu,isuzu
fiat,fiat
opel,opel
vw,volkswagen
jeep,jeep
renualt,renualt
jetour new cars,jetour
jetour,jetour
mercedes-amg,mercedes-benz
peugeot,peugeot
bmw,bmw
subaru,subaru
ldv,ldv
mini,mini
baic,baic
volvo,volvo
gr corolla,toyota
jaguar,jaguar
2023 chery tiggo 4 pro 1.5t elite se cvt (intro 20,chery
np200,nissan
mazda 3,mazda
datsun,datsun
mitsubishi new cars,mitsubishi
mercedes,mercedes
x4 xdrive msport 20d,bmw
corolla quest 1.8 cvt,toyota
toyota fortuner,toyota
magnite,nissan
x-trail,nissan
alfa romeo,alfa romeo
jac,jac
mahindra,mahindra
toyota rumion 1.5,toyota
corolla,toyota
rush,toyota
kia;,kia
bmw motorrad,bmw
xpanda,mitsubishi
2019 nissan micra,mitsubishi
ashok leyland,ashok leyland
"hyundai,",hyundai
triumph,triumph
arora,arora
hilux,toyota
corolla cross,toyota
fortuner,toyota
abarth,abarth
aston martin,aston martin
toyota hilux,toyota
porsche,porsche
renault sandero exp,renault
arctic cat,arctic cat
np 200,nissan
adreno,adreno
nissan almera,nissan
volkswagen commercial,volkswagen
navara,nissan
pajero,toyota
honda elevate,honda
asia wing,asia wing
adly,adly
nissan np 200,nissan
toyota yaris,toyota
rav,toyota
land cruiser,toyota
nissan np200,nissan
micra,nissan
lexus,lexus
nissan magnite,nissan
toyota  hilux 2.4 gd a/c p/u s/c,toyota
coralla cross,toyota
2023,no interest make selected
outlander,mitsubishi
cherry,chery
etios,toyota
toyota hilux 2.0 single cab,toyota
starlet,toyota
prado vx 3.0 dt,toyota
hyundai commercial,hyundai
jolion,haval
toyota prado,toyota
isuzu club cab lse,isuzu
mazda3,mazda
xtrail,nissan
rav 4 hybrid,toyota
almera,nissan
alfaromeo,alfa romeo
qashqai 1.3 acenta plus cvt,nissan
datsun go,datsun
h6,haval
isuzu bakkie,isuzu
toyota corolla,toyota
prado,toyota
aprilia,aprilia
izusu,izusu
toyota urban cruise,toyota
toyota starlet,toyota
anglo international,no interest make selected
amc,amc
urban cruiser,toyota
hyundia,hyundai
magnite 1.0t,nissan
foton,foton
toyota vitz,toyota
prado vx,toyota
isuzu dmax 1.9 ddi hr la/t,isuzu
toyoya,toyota
2023 nissan magnite 1.0t acenta,nissan
chery tiggo,chery
mitsubisi,mitsubishi
toyota cross,toyota
ducati,ducati
toyota corolla quest,toyota
asx,mitsubishi
eclipse cross,mitsubishi
kia sonet 1.5 ex cvt,kia
etios sprint,toyota
datsan,datsun
gaz,other
2022,no interest make selected
pajero sport,toyota
hilux single cab 2.4,toyota
magnite ez shift,nissan
claas,other
pre-owned select,used cars
urban cruise,toyota
toyota cruiser l 200,toyota
citro�n,citro�n
nissan x-trail,nissan
isuzu ofcourse!,isuzu
izuzu,isuzu
rav 4,toyota
toyota rav4,toyota
yaris,toyota
toyota yaris yen,toyota
nissan navara,nissan
juke,nissan
haval h6 gt 2.0t 4wd super lux,haval
kwid,renault
mux,isuzu
toyota starlet 1.5 xi,toyota
ian smit,other
mitshibishi,mitsubishi
toyota starlett cross,toyota
2018,no interest make selected
c200,mercedes-benz
polo tsi,volkswagen
vw golf 5,volkswagen
nissan micra acenta,nissan
i20,hyundai
cross,toyota
ch-r,toyota
bakkkie,no interest make selected
nisssan,nissan
nissan qashqai 2l acenta manual,nissan
1998,no interest make selected
isuzu dmax,isuzu
toyota c,toyota
triton,triton
quadro,quadro
fiat 500,fiat
toyota corrola,toyota
isuzu dmax double cab,isuzu
mercedes benz c200 amg line,mercedes-benz
nissan magnite kuro,nissan
toyota hybrid,toyota
1.9 ddi mu-x ls a/t,isuzu
toyota agya,toyota
avanza,toyota
e270,mercedes-benz
mitsuishi,mitsubishi
barum brillantis 185/65 r15 92t,other
xpander,mitsubishi
renault kwid climber,renault
mahindra (dare),mahindra
suzuki swift 1.4se auto,suzuki
land rover sport,land rover
toyota corolla cross,toyota
bmw ti,bmw
2023 toyota urban cruiser,toyota
jeep grand cherokee,jeep
nissain,nissan
ford ranger,ford
bmw 5series,bmw
xf,jaguar
toyota corola runx shape,toyota
polo vivo,volkswagen
landcruiser prado vxr,toyota
ambidex,other
volkswagen beetle,volkswagen
sle drifter common rail 3000d,mazda
mitshibushi asx 2.0,mitsubishi
toyota etios,toyota
bennelli,other
tiggo 4 pro,chery
jaguar s-type,jaguar
nissan np300 4x4 2.4i lwb,nissan
haval gwm,haval
haval h1,haval
ford focus,ford
ford focus ecoboost,ford
farmtrac,other
bmw 116i,bmw
nissan micra tekna,nissan
isuzu d-max bakkie,isuzu
isuzu d-max 1.9,isuzu
chery tiggo 4 pro,chery
330i g20 bmw,bmw
eclass,mercedes-benz
toyota yaris sedan t1 5dr ac,toyota
dutsun,datsun
mahindra pickup mhawk 2.2,mahindra
mitsubish,mitsubishi
h-1,hyundai
huyndai h100,hyundai
toyota corolla cross xi,toyota
nissan sentra,nissan
toyota rav,toyota
fj cruiser,toyota
bakkie,no interest make selected
cx-3,mazda
toyota urban cruiser,toyota
nissan 2.5,nissan
rumion,toyota
mercedes benz gle 43 amg 4matic,mercedes
gwm haval,haval
toyota eteois five door hatchback,toyota
isuzu trucks,isuzu
opel corsa utility,opel
rover,no interest make selected
toyota starlet cross 1.5xs manual,toyota
ala,no interest make selected
toyota prado land cruiser 3.0l vx,toyota
trend,no interest make selected
toyota hilux double cab,toyota
corolla quest,toyota
hyundai h1,hyundai
gla200 merc,mercedes-benz
haval jolion,haval
mazda cx 3,mazda
mazda5,mazda
mercedes e250 cabriolet amg,mercedes-benz
vba,no interest make selected
ford ecosport  tatium,ford
